id,first_name,last_name,email,gender,country,employer
# fake data generated by https://www.mockaroo.com/
1,Bertina,Covotto,bcovotto0@hexun.com,Female,Czech Republic,"Leuschke, Renner and Doyle"
2,Smitty,Attack,sattack1@plala.or.jp,Male,Sudan,Macejkovic-Kassulke
3,Mariana,Barbie,mbarbie2@telegraph.co.uk,Female,Nigeria,Paucek-Rath
4,Chrisse,Bentsen,cbentsen3@senate.gov,Male,Indonesia,"Botsford, Hodkiewicz and Leannon"
5,Freeman,Robert,frobert4@youtu.be,Male,Sweden,"Mayer, Koelpin and Schmeler"
6,Vyky,Hornung,vhornung5@mlb.com,Female,Kenya,"Fisher, Kulas and Lehner"
7,Audrey,Valens-Smith,avalenssmith6@psu.edu,Female,Russia,"Mante, Lang and Murphy"
8,Galvan,Shulem,gshulem7@macromedia.com,Male,Guatemala,"Schiller, Lehner and Kovacek"
9,Homer,Karoly,hkaroly8@blinklist.com,Male,United States,Satterfield LLC
10,Shellysheldon,Jefford,sjefford9@multiply.com,Male,Afghanistan,Lowe Group
 11,Wyatt,Skilton,wskiltona@irs.gov,Male,Indonesia,Jerde-Greenfelder
12,Dalli,Martyns,dmartynsb@skype.com,Male,China,White and Sons
13,Kirsti,Newe,knewec@miibeian.gov.cn,Female,China,"Kuvalis, Wyman and Zieme"
14,Lorinda,Janik,ljanikd@acquirethisname.com,Female,China,Aufderhar and Sons
15,Sid,Treeby,streebye@webmd.com,Male,Peru,"Lockman, O'Conner and Hilll"
16,Jefferey,Hartshorn,jhartshornf@mozilla.com,Male,Brazil,Konopelski-Hermiston
17,Roma,Eagan,reagang@macromedia.com,Genderqueer,North Korea,"Langworth, Corwin and Murray"
18,Nonie,Mozzi,nmozzih@deviantart.com,Female,Philippines,"Fay, Torphy and Rice"
19,Lexine,Dupoyldupoyi@oakley.com,Genderqueer,Indonesia,Metz Inc
20,Bernita,Dockwray,bdockwrayj@harvard.edu,Female,Norway,Wilderman Group
21,Darby,Maceur,dmaceurk@imgur.com,Female,China,Torphy and Sons
22,Tildie,Masdon,tmasdonl@zdnet.com,Bigender,Estonia,"Kunde, Schulist and Cremin"
23,Jeramie,Wyldes,jwyldesm@sitemeter.com,Male,Peru,Macejkovic-Erdman
24,Virgina,Chell,vchelln@cargocollective.com,Female,Sweden,McKenzie and Sons
25,Rowe,Gorick,rgoricko@sogou.com,Female,China,"Bayer, Nitzsche and Bosco"
26,Judie,Joderli,jjoderlip@intel.com,Female,Kazakhstan,"Cassin, Dickinson and Little"
27,Waldo,Chavrin,wchavrinq@xrea.com,Male,Greece,D'Amore-Monahan
28,Averill,Shah,ashahr@home.pl,Male,Democratic Republic of the Congo,Dare and Sons
29,Ephrem,MacEllen,emacellens@seesaa.net,Male,Poland,Gorczany Inc
30,Tobe,Free,tfreet@wordpress.org,Male,Brazil,"Ryan, Dickinson and Lockman"
31,Etan,Rottger,erottgeru@bizjournals.com,Male,Thailand,Adams-Connelly
32,Vidovik,Bownd,vbowndv@arstechnica.com,Male,China,Little-Streich
33,Beitris,Harbidge,bharbidgew@t-online.de,Female,Philippines,"Brakus, Marvin and Beatty"
34,Olivia,Surmeyer,osurmeyerx@people.com.cn,Female,Japan,Kshlerin-Larkin
35,Loraine,Ladbrooke,lladbrookey@sina.com.cn,Female,Argentina,Davis-Dickinson
36,Marcellus,Dowers,mdowersz@dion.ne.jp,Male,Indonesia,Rogahn-Parker
37,Gasper,Gerauld,ggerauld10@freewebs.com,Male,France,Stracke-O'Kon
38,Glendon,Figge,gfigge11@forbes.com,Male,China,Lemke Inc
39,Zolly,Rogerot,zrogerot12@amazon.co.uk,Male,Russia,Beatty Group
40,Idalina,Kahane,ikahane13@netlog.com,Female,Brazil,"Ritchie, Emard and Towne"
41,Celestyn,Monkhouse,cmonkhouse14@php.net,Female,France,Gusikowski-Huels
42,Opaline,Van Leeuwen,ovanleeuwen15@youtube.com,Female,Indonesia,Dicki Group
43,Susan,Lyness,slyness16@smh.com.au,Female,Philippines,Abshire-Frami

44,Bevan,Ellens,bellens17@wikimedia.org,Genderfluid,Nepal,Runolfsson LLC
45,Ericha,Ogdahl,eogdahl18@economist.com,Female,Mauritius,Jenkins-Denesik
46,Rochelle,Dallin,rdallin19@whitehouse.gov,Female,Egypt,Schinner-Hilll
47,Muire,Shemmans,mshemmans1a@imageshack.us,Female,Norway,Hettinger Inc
48,Caddric,Gauge,cgauge1b@mac.com,Male,Iraq,Lakin-Okuneva
49,Kristin,Figure,kfigure1c@ihg.com,Female,Serbia,"Rath, Hermann and Ratke"
50,Amelita,Warbey,awarbey1d@army.mil,Female,Indonesia,Satterfield LLC
51,Rudy,Librey,rlibrey1e@bbc.co.uk,Male,Russia,Fisher Group
52,Sada,Venneur,svenneur1f@goodreads.com,Female,United States,"Heidenreich, Schmidt and Weissnat"
53,Francois,Winskill,fwinskill1g@home.pl,Male,Afghanistan,Murazik Inc
54,Jean,Dwane,jdwane1h@studiopress.com,Female,Japan,Hudson LLC
55,Garvin,Inchley,ginchley1i@g.co,Male,Brazil,"Murazik, Ondricka and Torphy"
56,Dara,Marti,dmarti1j@netscape.com,Female,Madagascar,Christiansen Inc
57,Guenevere,Tracy,gtracy1k@over-blog.com,Female,Poland,"Yundt, Reynolds and Rowe"
58,Lanette,Wreiford,lwreiford1l@pen.io,Agender,China,Reynolds-O'Kon
59,Neda,Evangelinos,nevangelinos1m@youtube.com,Female,Mauritius,Rolfson LLC
60,Shayne,Monger,smonger1n@1und1.de,Female,Indonesia,"Hand, Wuckert and Zieme"
61,West,Findlay,wfindlay1o@tiny.cc,Male,Indonesia,"Tillman, Brakus and Kreiger"
62,Lauretta,Benallack,lbenallack1p@europa.eu,Female,Guatemala,Grady LLC
63,Sullivan,O' Donohoe,sodonohoe1q@discuz.net,Male,New Caledonia,Anderson-Harris
64,Stern,Warnes,swarnes1r@dyndns.org,Male,Indonesia,Wisoky and Sons
65,Sher,Askam,saskam1s@goodreads.com,Female,Yemen,"Dach, McDermott and Kunze"
66,Blanch,Earwicker,bearwicker1t@bloomberg.com,Female,Mexico,Quitzon-Ebert
67,Tuckie,Hutcheons,thutcheons1u@elegantthemes.com,Male,Thailand,Gleichner-Baumbach
68,Jocelin,Chattaway,jchattaway1v@xing.com,Female,China,"Wunsch, Beahan and Erdman"
69,Koralle,Pleat,kpleat1w@msu.edu,Genderfluid,Indonesia,"Watsica, Ziemann and Roob"
70,Merrill,Busswell,mbusswell1x@unc.edu,Male,Mexico,"Cummerata, Steuber and Bergnaum"
70,Pincas,Hiskey,phiskey1y@bbb.org,Male,Indonesia,"Halvorson, Konopelski and Funk"
72,Conrado,Lighterness,clighterness1z@princeton.edu,Male,Indonesia,Witting-Russel
73,Sonya,Brinkman,sbrinkman20@census.gov,Female,Laos,"Bartell, Reichert and Kutch"
74,Finlay,Cordingley,fcordingley21@deviantart.com,Male,Russia,Kuhn and Sons
75,Jonas,Brundle,jbrundle22@home.pl,Male,Micronesia,"Williamson, Welch and Wilkinson"
76,Doug,Le Strange,dlestrange23@naver.com,Male,Cambodia,"Witting, Gulgowski and VonRueden"
77,Gale,Cribbin,gcribbin24@google.ru,Female,Brazil,"O'Kon, Lesch and Schultz"
78,Josey,Clapston,jclapston25@psu.edu,Female,Poland,Zieme Inc
79,Aylmar,Nazareth,anazareth26@feedburner.com,Male,Slovenia,Harris LLC
80,Tommie,Lutty,tlutty27@independent.co.uk,Male,Germany,"MacGyver, Buckridge and Nicolas"
81,Trumann,Lunn,tlunn28@timesonline.co.uk,Male,Russia,"Morar, Donnelly and Windler"
82,Allianora,Mollatt,amollatt29@constantcontact.com,Female,China,Kerluke-O'Hara
83,Bernete,Basilio,bbasilio2a@delicious.com,Female,Indonesia,"Lockman, Towne and Runolfsdottir"
84,Lita,Simmance,lsimmance2b@ustream.tv,Female,Indonesia,Bradtke-Labadie
85,Chic,Pailin,cpailin2c@t-online.de,Male,Nigeria,Raynor-Schaefer
####
86,Winfield,Dmitrienko,wdmitrienko2d@nih.gov,Male,Indonesia,Steuber Group
87,Trey,Deere,tdeere2e@paypal.com,Male,Malawi,Bogisich-Halvorson
88,Bradly,Jevons,bjevons2f@last.fm,Genderfluid,Indonesia,"Hoppe, Rice and Parker"
89,Dennison,Dilston,ddilston2g@time.com,Male,China,Leffler-Robel
90,Rebecka,Wanderschek,rwanderschek2h@vimeo.com,Female,China,"Larson, Ruecker and Kuhlman"
91,Heda,Ravenscraft,hravenscraft2i@auda.org.au,Female,Indonesia,"Leffler, Skiles and Gislason"
92,Ky,Pilipyak,kpilipyak2j@ucoz.ru,Male,Portugal,"Marquardt, Mitchell and Beahan"
93,Janessa,Rhodes,jrhodes2k@samsung.com,Female,Canada,Abshire-Watsica
94,Patrizio,Birckmann,pbirckmann2l@mediafire.com,Male,China,Carter-Grimes
95,Buddy,Braunroth,bbraunroth2m@lulu.com,Male,Yemen,"Fritsch, Herzog and Bruen"
96,Wiatt,Brompton,wbrompton2n@51.la,Male,Poland,Thiel Inc
97,Aime,Paolinelli,apaolinelli2o@cnet.com,Female,Philippines,Bernier-Jakubowski
98,Torey,Kelloch,tkelloch2p@wisc.edu,Female,Malaysia,Abshire-Kuphal
99,Daphne,Till,dtill2q@indiatimes.com,Female,Ukraine,O'Hara-Schowalter
100,Wyn,Bidmead,wbidmead2r@usa.gov,Male,Mexico,"Quitzon, Roberts and Hartmann"
